광역,기초,,,,,MOTOCY_CNT,CYCLE_CNT,WALK_CNT,DRK
서울,강남구,수서역사거리,27,0,,,,,
서울,강남구,을지병원 앞 사거리,16,2,,0,1,0,0
서울,강남구,성수대교 남단 사거리,12,0,,0,0,0,2
서울,강남구,교수마을입구(자곡동 205-15),14,0,,0,0,0,2
서울,강남구,청담사거리,14,0,,0,0,0,1
서울,강남구,양재전화국입구,14,0,,0,0,0,2
서울,강남구,서울세관 사거리,12,1,,0,0,0,2
서울,강남구,신사역 오거리,15,0,,0,0,0,0
서울,강남구,신논현역 사거리,12,1,,0,0,0,2
서울,강남구,논현로얄팰리스 사거리(북서),11,0,,0,0,0,1
서울,강남구,현대백화점 앞(무역센터점 남서),10,0,,1,0,0,0
서울,강남구,영동대교  남단 삼거리,8,0,,0,0,0,2
서울,강남구,하나저축은행 강남지점(남쪽),13,0,,0,0,0,0
서울,강남구,대치우성아파트 사거리,10,0,,0,0,0,0
서울,강남구,리버뷰 오피스텔 앞 사거리,7,1,,0,0,0,0
서울,강남구,학여울역 사거리,11,0,,0,0,0,0
서울,강남구,수서역 부근 삼거리(북쪽),8,0,,0,0,0,0
서울,강남구,매봉터널 사거리,10,0,,0,0,0,0
서울,강남구,경복아파트 앞 사거리,11,0,,0,0,0,0
서울,강남구,양재역 사거리,9,0,,0,0,0,1
서울,강남구,삼성제일빌딩 앞 사거리,11,0,,0,0,0,0
서울,강남구,영동세브란스(강남세브란스),10,0,,0,0,0,2
서울,강남구,도곡1동 아이파크 앞(101동 북서),10,0,,0,0,0,0
서울,강남구,선릉역 사거리,10,0,,0,0,0,0
서울,강남구,차관아파트 사거리(경기고 남서),9,0,,0,0,0,0
서울,강남구,역삼역 부근(북쪽 사거리),10,0,,0,0,0,0
서울,강남구,일원1동주민센터 앞 삼거리,10,0,,0,0,0,0
서울,강남구,수서역사거리,3,0,,0,0,0,0
서울,강남구,신논현역 사거리,2,0,,0,0,0,0
서울,강남구,을지병원 앞 사거리,2,0,,0,0,0,0
서울,강동구,천호사거리(천호역 앞),20,0,,0,0,0,0
서울,강동구,올림픽공원북2문(체조관),14,1,,0,0,0,2
서울,강동구,길동 사거리(휴다임타워),15,1,,0,1,0,1
서울,강동구,강동성심병원 앞 사거리,15,0,,0,0,0,0
서울,강동구,생태공원앞(탐방객안내소),12,1,,0,0,0,0
서울,강동구,태영아파트 삼거리(105동),14,1,,1,0,0,0
서울,강동구,천호신사거리(현대백화점천호점),12,0,,0,0,0,0
서울,강동구,상일2교사거리(상일초 동쪽),7,0,,0,0,0,0
서울,강동구,천호역 삼거리(2번출구 북쪽),9,0,,0,0,0,0
서울,강동구,성덕여상 삼거리(북서),5,0,,0,0,0,0
서울,강동구,이마트사거리(명일점 북쪽),9,0,,0,0,0,0
서울,강동구,강동성심병원사거리(북쪽),8,0,,0,1,0,0
서울,강동구,주공6단지삼거리(620동 남쪽),7,0,,0,0,0,1
서울,강동구,천호신사거리(현대백화점천호점),10,0,,0,0,0,0
서울,강동구,천호동공원 사거리(북서),7,0,,0,0,0,0
서울,강동구,길동역 부근 사거리(남쪽),8,0,,0,0,0,0
서울,강동구,명일여고 앞 사거리,8,0,,0,1,0,0
서울,강동구,천호동성당 사거리(북쪽),9,0,,1,0,0,0
서울,강동구,천동초 입구 사거리,8,0,,2,0,0,1
서울,강동구,동신중 사거리(남서),7,1,,0,0,0,0
서울,강동구,천호시장 사거리(남쪽),9,0,,0,1,0,1
서울,강동구,광진교 남단(천호동우체국),8,0,,0,0,0,0
서울,강동구,길동역 사거리(3번출구 남쪽),8,0,,0,0,0,1
서울,강동구,길동 사거리(휴다임타워),4,0,,0,0,0,0
서울,강동구,천호신사거리(현대백화점천호점),8,0,,0,0,0,0
서울,강동구,천호동성당 사거리(북쪽),4,0,,0,0,0,0
서울,강동구,생태공원앞(탐방객안내소),4,0,,0,0,0,0
서울,강동구,천호시장 사거리(남쪽),4,0,,0,0,0,0
서울,강동구,길동역 부근 사거리(남쪽),2,0,,0,0,0,0
서울,강동구,천호사거리(천호역 앞),2,0,,0,0,0,0
서울,강북구,성화의료재단 대한병원(북쪽),24,0,,0,0,0,0
서울,강북구,수유역 사거리(2번출구),25,0,,1,0,0,0
서울,강북구,강북구청 사거리(동쪽),15,0,,0,0,0,0
서울,강북구,삼양입구 사거리(송중초),15,0,,0,0,0,1
서울,강북구,개신대학원대학교 앞 사거리,14,1,,0,0,0,0
서울,강북구,광산사거리(벽산 12동),12,0,,1,1,0,0
서울,강북구,번2치안센터 남쪽 사거리,8,2,,1,0,0,2
서울,강북구,경남아너스빌 앞(103동),10,0,,0,1,0,0
서울,강북구,수유3동우체국 앞 삼거리,9,1,,0,0,0,0
서울,강북구,미아삼거리역 앞(4번출구),14,0,,0,0,0,0
서울,강북구,미아사거리(숭곡중 북서),9,0,,0,1,0,0
서울,강북구,서울사이버대 부근(서쪽),9,0,,0,0,0,0
서울,강북구,삼양동 사거리(대지시장 동쪽),12,0,,0,0,0,1
서울,강북구,미아역 사거리(6번출구 서쪽),11,0,,2,1,0,0
서울,강북구,천주교번동성당 동쪽 삼거리,13,0,,0,0,0,0
서울,강북구,오패산터널 사거리(요진아파트),8,1,,2,1,0,0
서울,강북구,성화의료재단 대한병원(북쪽),14,0,,1,0,0,0
서울,강북구,한신대교차로,6,1,,0,0,0,1
서울,강북구,화계사입구 사거리(수유1동성당),10,0,,0,0,0,0
서울,강북구,삼양입구 사거리(송중초),8,0,,0,0,0,0
서울,강북구,근린공원 사거리,7,0,,0,0,0,0
서울,강북구,수유3동주민센터 앞 사거리,9,0,,0,0,0,0
서울,강북구,광산사거리(벽산 12동),8,0,,0,0,0,0
서울,강북구,미아역 사거리(6번출구 서쪽),5,0,,0,0,0,2
서울,강북구,개신대학원대학교 앞 사거리,7,0,,0,0,0,0
서울,강북구,삼양입구 사거리(송중초),3,0,,0,0,0,0
서울,강북구,강북구청 사거리(남서),5,0,,0,0,0,0
서울,강북구,수유역삼거리(5번출구 앞),6,0,,0,0,0,0
서울,강북구,삼양입구 사거리(송중초),2,0,,0,0,0,1
서울,강북구,수유사거리(대한병원),3,0,,0,0,0,0
서울,강서구,서울양동초 삼거리(서쪽),11,0,,0,0,0,0
서울,강서구,서울신월초 삼거리(북쪽),11,0,,0,0,0,0
서울,강서구,마곡역 부근 사거리(1번출구),6,1,,1,0,0,0
서울,강서구,김포공항입구 사거리(북동),9,0,,0,0,0,0
서울,강서구,가양3-5단지(가양역1번출구),11,0,,0,0,0,1
서울,강서구,현대그린아파트 사거리(서쪽),16,0,,1,1,0,0
서울,강서구,화곡4동우체국 사거리(동쪽),9,0,,0,1,0,1
서울,강서구,화곡역 앞 사거리,11,0,,1,0,0,1
서울,강서구,강서구청입구(경복여고 남동),8,0,,0,0,0,0
서울,강서구,개화사거리(서울개화초 남서),6,0,,0,0,0,0
서울,강서구,신방화사거리(강서공고),10,0,,0,0,0,0
서울,강서구,개화119안전센터 부근(북쪽),6,0,,0,0,0,0
서울,강서구,현대그린아파트 사거리(서쪽),8,0,,0,0,0,0
서울,강서구,등촌역 삼거리(5번출구),9,0,,0,0,0,0
서울,강서구,서울우장초 삼거리(동쪽),4,1,,0,0,0,0
서울,강서구,서울화곡초 부근 삼거리,9,0,,0,0,0,0
서울,강서구,유석초 삼거리(동쪽),6,0,,0,0,0,0
서울,강서구,우장산역 사거리(2번출구),9,0,,0,0,0,0
서울,강서구,까치산역사거리(4번출구),9,0,,1,0,0,2
서울,강서구,양천향교역 앞 사거리,7,0,,1,0,0,0
서울,강서구,우장공원입구사거리(동쪽),6,1,,0,0,0,1
서울,강서구,화곡사거리(까치산역 3번출구),5,1,,0,0,0,2
서울,강서구,화곡동 111-69번지 삼거리,7,0,,0,0,0,1
서울,강서구,화곡4동우체국 부근(서쪽),6,0,,0,0,0,0
서울,강서구,화곡역 사거리(4번출구),6,0,,0,0,0,0
서울,강서구,송정역 남쪽 삼거리,6,0,,0,0,0,0
서울,강서구,까치산역사거리(4번출구),3,0,,0,0,0,0
서울,강서구,현대그린아파트 사거리(서쪽),4,0,,0,0,0,0
서울,강서구,등촌역 삼거리(5번출구),2,0,,0,0,0,0
서울,강서구,서울신월초 삼거리(북쪽),2,0,,0,0,0,0
서울,관악구,동부센트레빌 삼거리(동쪽),12,0,,0,0,0,0
서울,관악구,당곡사거리(당곡초 부근),12,0,,1,0,0,1
서울,관악구,신림역사거리,15,0,,0,0,0,0
서울,관악구,난곡사거리(국민건강사회공단),9,0,,0,0,0,0
서울,관악구,원당초 앞 사거리,10,0,,0,0,0,1
서울,관악구,봉림교 서단 교차로,10,0,,0,0,0,1
서울,관악구,신대방역(1번 출구),8,0,,2,0,0,0
서울,관악구,미림여고입구(신성초 부근),10,0,,0,0,0,1
서울,관악구,봉천역 3번 출구,6,1,,1,0,0,0
서울,관악구,디지털단지입구(미성1동 동쪽),10,0,,0,0,0,0
서울,관악구,난곡우체국 앞 사거리,8,0,,0,0,0,0
서울,관악구,신림동 706-128번지,10,0,,1,1,0,0
서울,관악구,서울미술고 삼거리(남서),7,0,,1,0,0,1
서울,관악구,관악농협 신본지점 부근(남동),7,0,,0,0,0,1
서울,관악구,서울대입구역 사거리,10,0,,0,0,0,0
서울,관악구,관악구청 앞 삼거리,10,0,,0,0,0,0
서울,관악구,관악센추리타워 앞,8,0,,1,0,0,0
서울,관악구,신림2교 동단 교차로,7,0,,1,0,0,0
서울,관악구,가야위드안 사거리(서쪽),10,0,,0,1,0,0
서울,관악구,서림동주민센터 남쪽 사거리,8,0,,0,0,0,1
서울,관악구,까치고개교차로,6,0,,1,0,0,1
서울,관악구,국일빌딩 앞 삼거리,8,0,,0,0,0,0
서울,관악구,현대시장입구교차로,9,0,,0,0,0,0
서울,관악구,선경아파트 부근 사거리(북서),6,0,,0,0,0,0
서울,관악구,청암인터그린타워 앞 삼거리,9,0,,0,0,0,0
서울,관악구,미성아파트 사거리(1동 북서),10,0,,0,0,0,0
서울,관악구,봉현초 앞 사거리,6,0,,0,0,0,0
서울,관악구,신사동주민센터입구(우편취급국),5,1,,0,0,0,0
서울,관악구,사당역 5번출구 부근 삼거리,7,0,,0,0,0,0
서울,관악구,당곡초 부근 삼거리(남쪽),4,0,,0,0,0,0
서울,광진구,우편취급소 앞 사거리,15,0,,0,0,0,0
서울,광진구,성수사거리(청정아파트),13,0,,0,0,0,1
서울,광진구,헤스티아 앞 사거리,9,0,,0,0,0,0
서울,광진구,군자역 사거리,8,0,,0,1,0,0
서울,광진구,군자역 사거리(7번출구),11,0,,0,0,0,2
서울,광진구,아차산역 부근 삼거리(동쪽),4,2,,0,0,0,0
서울,광진구,역어린이대공원역(4번출구),9,0,,1,0,0,1
서울,광진구,자양동 210-22번지 삼거리,4,1,,0,0,0,0
서울,광진구,어린이대공원 부근(북동),9,0,,0,0,0,2
서울,광진구,자양사거리,10,0,,0,0,0,1
서울,광진구,성수119안전센터 앞 사거리,7,0,,0,1,0,1
서울,광진구,건대입구역교차로,10,0,,0,0,0,0
서울,광진구,중곡사거리(광진구정신보건센터),7,0,,0,0,0,0
서울,광진구,구의시장삼거리(구의2동주민센터),5,1,,0,0,0,1
서울,광진구,군자역 사거리(동쪽),5,1,,0,0,0,0
서울,광진구,서울용마초 부근 삼거리(동쪽),6,0,,0,0,0,0
서울,광진구,삼성아파트 오거리(동쪽),5,0,,0,1,0,1
서울,광진구,광진구청 사거리(북동),7,0,,0,0,0,1
서울,광진구,어린이대공원 부근(북동),4,0,,0,0,0,0
서울,광진구,광장동청구아파트 앞(101동),7,0,,0,0,0,0
서울,광진구,구보에이치앤시,4,0,,0,0,0,0
서울,광진구,아차산역 3번출구 앞 삼거리,5,0,,0,1,0,0
서울,광진구,구의사거리(어린이대공원),5,0,,0,0,0,0
서울,광진구,삼성아파트 오거리(동쪽),4,1,,0,0,0,1
서울,광진구,동서울종합터미널(호남) 앞,7,0,,0,0,0,1
서울,광진구,영동대교 북단 삼거리,4,1,,0,0,0,0
서울,광진구,군자역 사거리(7번출구),2,0,,0,0,0,0
서울,광진구,화양사거리,8,0,,0,0,0,0
서울,광진구,자양사거리,3,0,,2,0,0,0
서울,광진구,성수사거리(청정아파트),3,0,,0,0,0,1
서울,구로구,고척교사거리(동단),14,0,,0,0,0,1
서울,구로구,디지털단지 오거리(가산파출소),15,0,,0,0,0,0
서울,구로구,개봉1동사거리(정은맨션),9,1,,0,0,0,2
서울,구로구,거리공원오거리(신구로현대),12,1,,1,0,0,1
서울,구로구,삼환아파트 부근 삼거리(남쪽),9,0,,0,0,0,0
서울,구로구,삼호아파트 앞 사거리(102동),11,0,,0,0,0,0
서울,구로구,대륭포스트타워5차 앞(북쪽),12,0,,1,0,0,0
서울,구로구,구로1교 교차로(남단),8,0,,0,0,0,1
서울,구로구,디지털단지입구(미성1동 동쪽),7,0,,0,0,0,1
서울,구로구,남구로역 삼거리(3번출구),7,0,,0,0,0,1
서울,구로구,구로4동우체국 사거리(남쪽),7,1,,0,0,0,0
서울,구로구,궁동삼거리(서서울생활과학고),7,0,,0,0,0,0
서울,구로구,대림역 사거리(1번출구),7,0,,0,0,0,0
서울,구로구,한일유앤아이앞교차로,9,0,,0,0,0,0
서울,구로구,구로구청 앞 사거리(동쪽),6,1,,0,0,0,1
서울,구로구,오류동역앞 삼거리(3번출구),9,0,,0,0,0,0
서울,구로구,개봉2동주민센터 사거리(북서),9,0,,3,0,0,0
서울,구로구,구로소방파출소 앞 삼거리,7,0,,0,0,0,0
서울,구로구,경인중 삼거리(서쪽),5,1,,0,0,0,0
서울,구로구,오류동삼거리(시티월드),9,0,,0,0,0,0
서울,구로구,오금교 남단 사거리,8,0,,1,0,0,0
서울,구로구,구로역사거리(2번출구 북쪽),9,0,,0,0,0,2
서울,구로구,이화아파트 앞(101동),7,0,,0,0,0,0
서울,구로구,웅진코웨이,8,0,,0,0,0,1
서울,구로구,서울신구로초 사거리(북쪽),6,0,,0,1,0,0
서울,구로구,구로교 남단 사거리,6,0,,0,1,0,0
서울,구로구,오류동역앞 삼거리(3번출구),5,0,,0,0,0,0
서울,구로구,신정교 사거리(동단),7,0,,0,0,0,0
서울,구로구,구로소방파출소 앞 삼거리,7,0,,0,0,0,0
서울,구로구,구로소방석교차로(서쪽),9,0,,0,2,0,0
서울,금천구,호정타워아파트 삼거리(서쪽),6,0,,0,0,0,1
서울,금천구,시흥사거리(금천지구대 동쪽),21,0,,0,0,0,0
서울,금천구,기아대교 동단 삼거리,16,0,,2,0,0,0
서울,금천구,독산사거리(롯데마트 금천점),18,1,,0,0,0,1
서울,금천구,마리오사거리(마리오아울렛 앞),8,0,,0,1,0,0
서울,금천구,홈플러스 삼거리(시흥점 남동),7,0,,0,0,0,0
서울,금천구,시흥4동주민센터 삼거리(북서),10,0,,0,0,0,1
서울,금천구,시흥사거리(금천지구대 동쪽),7,0,,1,0,0,2
서울,금천구,시흥5동주민센터 오거리(남쪽),8,0,,4,0,0,0
서울,금천구,시흥4동(남부여성발전센터),7,0,,0,0,0,0
서울,금천구,관악농협 삼거리,6,0,,0,0,0,1
서울,금천구,디지털단지 오거리(가산파출소),6,0,,1,0,0,0
서울,금천구,독산사거리(롯데마트 금천점),5,0,,0,0,0,0
서울,금천구,문성지구대 삼거리(북서),5,1,,0,0,0,0
서울,금천구,독산119 안전센터 앞 사거리,7,0,,0,0,0,1
서울,금천구,홈플러스 시흥점 부근(남쪽),6,0,,0,0,0,0
서울,금천구,독산동군인아파트 삼거리(5동),5,0,,0,0,0,0
서울,금천구,금천우체국사거리(남쪽),6,0,,0,0,0,0
서울,금천구,서울금천우체국 사거리(북동),5,0,,0,0,0,0
서울,금천구,웨딩아테네 앞 사거리,5,0,,0,0,0,0
서울,금천구,시흥동우체국 앞 삼거리,4,1,,0,0,0,1
서울,금천구,서울시흥초 삼거리(동쪽),5,0,,0,0,0,0
서울,금천구,시흥사거리(금천지구대 동쪽),5,0,,0,0,0,0
서울,금천구,독산동 991-18번지 사거리,5,0,,0,0,0,0
서울,금천구,남부여성발전센터 부근(북서),5,0,,0,0,0,0
서울,금천구,시흥아파트 사거리(북서),5,0,,0,0,0,0
서울,금천구,금천우체국사거리(남쪽),3,0,,1,0,0,0
서울,금천구,시흥사거리(금천지구대 동쪽),2,0,,0,0,0,0
서울,금천구,시흥사거리(금천지구대 동쪽),3,0,,0,0,0,1
서울,금천구,시흥사거리(금천지구대 동쪽),2,0,,0,0,0,0
서울,노원구,신도2차아파트 부근 사거리(북동),9,2,,0,0,0,1
서울,노원구,녹천교 동단 사거리,14,0,,0,0,0,0
서울,노원구,중계역사거리,14,0,,0,0,0,0
서울,노원구,노원운전정밀검사장 삼거리(북동),11,0,,1,0,0,2
서울,노원구,창동교 동단 사거리,13,0,,0,0,0,0
서울,노원구,노원역사거리(7호선),11,0,,0,0,0,0
서울,노원구,월계119안전센터 부근 (동쪽),9,1,,0,0,0,0
서울,노원구,상계교 동단 사거리,8,0,,0,1,0,0
서울,노원구,중계근린공원 사거리(북쪽),9,0,,0,0,0,1
서울,노원구,창동교 동단 사거리,6,1,,0,1,0,1
서울,노원구,한천교사거리,6,0,,0,1,0,1
서울,노원구,상계주공10단지(1001동),9,0,,0,0,0,0
서울,노원구,상계역 부근 사거리(남쪽),9,0,,1,0,0,0
서울,노원구,"상계3,4동주민센터 부근(남쪽)",9,0,,0,0,0,0
서울,노원구,북부지청입구 사거리,7,0,,0,0,0,0
서울,노원구,롯데백화점 앞 사거리(상계2동),10,0,,0,0,0,3
서울,노원구,삿갓봉근린공원 앞 사거리,8,0,,0,0,0,0
서울,노원구,인덕대학입구교차로,8,0,,0,1,0,1
서울,노원구,하계6단지 사거리(601동),7,0,,0,0,0,0
서울,노원구,녹천중학교 부근 삼거리(서쪽),7,0,,0,0,0,0
서울,노원구,등나무근린공원 삼거리(동남),5,1,,0,0,0,0
서울,노원구,노일초 사거리(북동),7,0,,0,0,0,0
서울,노원구,월릉교교차로,7,0,,0,0,0,0
서울,노원구,화랑대사거리(공릉2치안센터),7,0,,0,0,0,0
서울,노원구,상계2동주민센터 부근(남동),7,0,,0,0,0,1
서울,노원구,노원구민체육센타교차로,8,0,,0,0,0,0
서울,노원구,노원역사거리(4호선),7,0,,0,0,0,1
서울,노원구,수락산입구역 사거리(5번출구),8,0,,0,0,0,1
서울,노원구,공릉역 사거리,8,0,,0,0,0,0
서울,노원구,녹천교 동단 사거리,3,0,,0,0,0,0
서울,도봉구,서울숭미초 삼거리(남쪽),8,1,,0,0,0,0
서울,도봉구,우이교교차로(데시앙104동),15,0,,0,0,0,0
서울,도봉구,도봉보건소 사거리(남쪽),12,0,,1,0,0,1
서울,도봉구,창동고 앞 삼거리(북서),11,0,,0,0,0,0
서울,도봉구,누원고 북쪽 사거리,6,0,,0,0,0,1
서울,도봉구,홈플러스 앞 사거리(방학점),9,0,,0,1,0,0
서울,도봉구,반석교회 앞 삼거리,6,1,,0,0,0,2
서울,도봉구,쌍문파출소 사거리(남쪽),10,0,,0,0,0,0
서울,도봉구,서원아파트 사거리(111동),5,1,,1,0,0,0
서울,도봉구,창동역 사거리(1번출구 동쪽),7,0,,0,0,0,0
서울,도봉구,방학사거리(평화도봉공원 앞),9,0,,0,0,0,0
서울,도봉구,도봉산역 삼거리(1번출구),9,0,,0,0,0,0
서울,도봉구,금호1차아파트 사거리(1동),7,0,,0,0,0,0
서울,도봉구,도봉산역 부근 삼거리(남쪽),7,0,,1,0,0,0
서울,도봉구,도봉경찰서 사거리(남동),8,1,,0,0,0,0
서울,도봉구,쌍문역 삼거리(3번출구 앞),6,0,,0,0,0,0
서울,도봉구,쌍문3치안센터 앞 사거리,8,0,,1,0,0,0
서울,도봉구,방학교 남단 부근 삼거리,6,0,,1,1,0,0
서울,도봉구,창2동우편취급국 사거리(남쪽),7,0,,0,0,0,0
서울,도봉구,도봉중 사거리(북동),6,0,,0,0,0,1
서울,도봉구,방학역 앞 삼거리(1번출구),6,1,,0,1,0,1
서울,도봉구,중흥S클래스삼거리(101동),6,0,,0,0,0,0
서울,도봉구,도봉구민회관 앞 삼거리,6,0,,0,1,0,0
서울,도봉구,삼성래미안2단지(202동 북쪽),5,0,,0,0,0,1
서울,도봉구,서울가인초등학교 부근(서쪽),5,0,,0,0,0,0
서울,도봉구,방학1동주민센터 사거리(남쪽),8,0,,0,0,0,0
서울,도봉구,삼성래미안2단지(202동 북쪽),6,0,,0,0,0,0
서울,도봉구,도봉1치안센터 사거리(북쪽),5,0,,0,0,0,0
서울,도봉구,창동역 사거리(1번출구 동쪽),7,0,,0,0,0,0
서울,도봉구,서울문화고 사거리(남서),5,0,,0,0,0,0
서울,동대문구,떡전교사거리(순복음강북교회),11,0,,0,0,0,0
서울,동대문구,청량리역 부근 삼거리(서쪽),19,0,,0,0,0,0
서울,동대문구,용두1치안센터 사거리(동쪽),21,0,,0,0,0,0
서울,동대문구,청량리역 교차로,19,0,,0,1,0,1
서울,동대문구,배봉초 사거리(남동),11,1,,0,0,0,0
서울,동대문구,신설동역사거리(동대문우체국),14,1,,0,0,0,2
서울,동대문구,성바오로병원 교차로(북서),18,0,,1,0,0,0
서울,동대문구,장안동사거리(프리머스 시네마),13,1,,2,1,0,0
서울,동대문구,경동시장사거리(동의보감타워),15,1,,0,1,0,0
서울,동대문구,휘경2동주민센터 앞 삼거리,9,1,,0,0,0,0
서울,동대문구,경동시장 부근 사거리(북서),10,0,,0,0,0,1
서울,동대문구,성바오로병원 삼거리(남쪽),9,2,,0,0,0,0
서울,동대문구,홍파아파트 앞 삼거리,11,0,,0,0,0,0
서울,동대문구,휘경센트레빌 사거리(101동 북서),9,0,,1,0,0,0
서울,동대문구,외대앞역 사거리(동쪽),8,1,,0,0,0,0
서울,동대문구,회기역 앞 교차로(1번출구),12,0,,0,1,0,0
서울,동대문구,성바오로병원 교차로(북서),10,0,,0,0,0,1
서울,동대문구,장안교 서단 사거리,9,0,,1,0,0,0
서울,동대문구,청솔우성1차 부근 삼거리(남쪽),9,0,,0,0,0,0
서울,동대문구,전농2동주민센터 부근(동쪽),9,0,,0,0,0,1
서울,동대문구,농협 앞 교차로(제기동점),11,0,,1,0,0,0
서울,동대문구,용두역 사거리,13,0,,0,0,0,0
서울,동대문구,성바오로병원 교차로(북서),2,0,,0,1,0,1
서울,동대문구,전농119안전센터 앞 사거리,11,0,,0,0,0,0
서울,동대문구,전농동사거리(전농동우체국),9,0,,0,1,0,0
서울,동대문구,지방경찰청정비창 앞 교차로,9,0,,0,0,0,0
서울,동대문구,청량리역 교차로,5,0,,0,1,0,0
서울,동대문구,청량리역 부근 삼거리(서쪽),7,0,,0,0,0,0
서울,동대문구,신설동역사거리(동대문우체국),4,0,,0,0,0,0
서울,동대문구,성바오로병원 교차로(북서),2,0,,0,0,0,0
서울,동작구,상도역사거리,22,0,,0,0,0,0
서울,동작구,사당역사거리(사당역 앞),12,1,,0,0,0,0
서울,동작구,이수역 부근(10번출구 서쪽),14,0,,1,0,0,1
서울,동작구,노량진삼거리(노량진역),13,0,,0,1,0,0
서울,동작구,대림사거리(성원상떼빌 북서),15,0,,1,0,0,0
서울,동작구,신대방삼거리역,14,0,,0,2,0,1
서울,동작구,한강대교 남단 사거리,17,0,,0,0,0,0
서울,동작구,노량진삼거리(노량진역),10,1,,0,0,0,1
서울,동작구,대림삼거리(한림대강남성심병원),8,0,,2,0,0,0
서울,동작구,성대시장 앞 삼거리(북동),11,0,,0,0,0,1
서울,동작구,CTS빌딩 앞(노량진동 27-3),8,0,,1,0,0,0
서울,동작구,총신대입구역사거리(7호선),12,0,,0,1,0,0
서울,동작구,삼거리시장 사거리(동남),8,0,,2,0,0,0
서울,동작구,신대방역 3번출구 앞 삼거리,8,0,,2,0,0,0
서울,동작구,장승배기역사거리,7,1,,0,0,0,1
서울,동작구,국립현충원 삼거리(분수대앞),9,0,,0,0,0,0
서울,동작구,중앙대학교병원 부근 삼거리(북쪽),7,0,,0,0,0,0
서울,동작구,장승배기역사거리,7,0,,0,0,0,0
서울,동작구,노들역 사거리(5번출구 앞),5,1,,0,0,0,1
서울,동작구,중앙하이츠빌 부근(110동),7,0,,0,0,0,0
서울,동작구,신대방삼거리역,10,0,,0,0,0,0
서울,동작구,유한양행 앞 사거리(북서),7,0,,0,0,0,0
서울,동작구,대림아파트 앞(114동 서남),8,0,,0,0,0,0
서울,동작구,신대방삼거리역 부근(남쪽),7,0,,0,0,0,0
서울,동작구,상도3파출소 앞 삼거리,7,0,,0,0,0,0
서울,동작구,한강대교 남단 사거리,4,0,,0,0,0,0
서울,동작구,총신대입구역사거리(7호선),4,0,,0,0,0,0
서울,동작구,성대시장 앞 삼거리(북동),5,0,,0,1,0,0
서울,동작구,상도역교차로,4,0,,0,1,0,0
서울,동작구,장승배기역사거리,3,0,,0,0,0,0
서울,마포구,합정역사거리(8번출구),15,1,,0,0,0,0
서울,마포구,신촌로타리(신촌역),12,0,,0,0,0,0
서울,마포구,서교동사거리(서교웨딩문화원),11,0,,0,0,0,0
서울,마포구,마포삼성 앞(101동),11,0,,0,0,0,4
서울,마포구,서교푸르지오 부근(북쪽),15,0,,0,0,0,0
서울,마포구,공덕오거리(공덕역),15,0,,0,0,0,1
서울,마포구,양화대교북단 부근(북동),9,0,,0,0,0,0
서울,마포구,성산2교 남단 사거리,7,0,,0,0,0,0
서울,마포구,월드컵경기장 사거리(서쪽),7,0,,0,0,0,0
서울,마포구,마포구청 남쪽 사거리,7,0,,0,0,0,0
서울,마포구,성산동 199-42번지 삼거리,6,0,,0,0,0,0
서울,마포구,성산초 앞 사거리(북동),8,0,,0,0,0,0
서울,마포구,경남웨딩홀 앞 사거리,8,1,,0,0,0,1
서울,마포구,양화대교북단 부근(북동),5,0,,0,0,0,0
서울,마포구,현대백화점 부근(서쪽),8,0,,0,0,0,0
서울,마포구,망원2치안센터 부근(동쪽),8,0,,0,0,0,0
서울,마포구,베스트웨스턴호텔(서울가든점),5,0,,0,0,0,0
서울,마포구,동교동삼거리(홍대입구역),7,0,,0,0,0,0
서울,마포구,공덕초 부근(북서),6,1,,0,0,0,0
서울,마포구,마포우체국 부근(남쪽),5,0,,0,0,0,0
서울,마포구,홍대입구역(2번출구),9,0,,1,0,0,0
서울,마포구,이대역 사거리(1번출구),7,0,,0,0,0,0
서울,마포구,합정역 부근(6번출구),7,0,,0,0,0,0
서울,마포구,망원역 부근 사거리(북쪽),7,0,,0,0,0,0
서울,마포구,합정역사거리(8번출구),5,0,,0,0,0,0
서울,마포구,현대백화점 신촌점 앞,5,0,,0,0,0,0
서울,마포구,KT&G상상마당 앞 사거리,7,0,,0,0,0,0
서울,마포구,서교동주민센터 부근(남쪽),2,0,,0,0,0,1
서울,마포구,신촌로타리(신촌역),2,0,,0,0,0,0
서울,마포구,공덕오거리(공덕역),2,0,,0,0,0,0
서울,서대문구,독립공원(출입구 앞 사거리),17,0,,0,0,0,0
서울,서대문구,홍은사거리(서대문도시관리공단),15,0,,0,0,0,1
서울,서대문구,홍제역 삼거리(4번출구),11,0,,0,0,0,0
서울,서대문구,서대문구청 앞 사거리,9,0,,0,0,0,0
서울,서대문구,사천교교차로(사천교 동단),8,0,,0,0,0,0
서울,서대문구,홍연2교 북단 교차로,10,0,,0,0,0,0
서울,서대문구,홍제역 3번출구 앞 삼거리,12,0,,0,0,0,1
서울,서대문구,홍제초 사거리(남서),8,2,,0,0,0,0
서울,서대문구,신촌역교차로,15,0,,0,0,0,0
서울,서대문구,이대 경영관 부근(서쪽),9,0,,0,0,0,0
서울,서대문구,서대문역 앞 사거리,7,0,,0,0,0,0
서울,서대문구,연희동삼거리(연희동우체국),12,0,,0,0,0,0
서울,서대문구,연희동 187-63번지,7,0,,0,0,0,0
서울,서대문구,홍제삼거리(한신휴플러스),8,0,,0,0,0,1
서울,서대문구,홍은사거리(서대문도시관리공단),4,2,,0,0,0,0
서울,서대문구,가좌삼거리(삼성래미안2차),6,1,,0,0,0,1
서울,서대문구,북가좌삼거리(래미안3단지),6,0,,0,0,0,0
서울,서대문구,인왕아파트 앞 삼거리(4동),8,0,,0,0,0,0
서울,서대문구,연세대 재활학교 앞,7,0,,0,0,0,1
서울,서대문구,인왕시장 삼거리(서쪽),7,0,,0,0,0,0
서울,서대문구,홍제초 사거리(남서),7,0,,0,0,0,0
서울,서대문구,충정로역2호선 앞 삼거리,7,0,,0,0,0,0
서울,서대문구,연세대 앞(세브란스병원),7,0,,0,0,0,0
서울,서대문구,이대 경영관 부근 삼거리(서쪽),2,0,,0,0,0,0
서울,서대문구,연대 공학원 부근(남쪽),8,0,,0,0,0,0
서울,서대문구,북가좌2동주민센터 부근(동쪽),8,0,,0,0,0,0
서울,서대문구,국민권익위원회 앞 삼거리,9,0,,0,1,0,0
서울,서대문구,홍은사거리(서대문도시관리공단),4,0,,0,0,0,0
서울,서대문구,신촌역교차로,2,0,,0,0,0,0
서울,서대문구,연희동삼거리(연희동우체국),3,0,,0,0,0,0
서울,서초구,이수교차로(동작역 남동),11,0,,0,0,0,0
서울,서초구,트럭터미널 앞 사거리,15,0,,0,0,0,0
서울,서초구,KOTRA빌딩 앞 사거리,15,0,,0,0,0,0
서울,서초구,국립국악원 앞 삼거리,8,0,,0,0,0,0
서울,서초구,강남귀금속타운 앞 사거리,16,0,,0,0,0,0
서울,서초구,고속터미널앞사거리(고속터미널역),15,0,,0,0,0,0
서울,서초구,삼호가든사거리(고속터미널),9,0,,0,0,0,1
서울,서초구,서울성모병원교차로,9,0,,0,0,0,1
서울,서초구,서초3동사거리(서초3동주민센터),10,0,,0,0,0,0
서울,서초구,서초역 3번출구(남쪽),9,0,,0,0,0,0
서울,서초구,교대입구삼거리(e편한세상2차),9,0,,0,0,0,0
서울,서초구,호남선터미널 앞 사거리,11,0,,0,0,0,1
서울,서초구,앞 경부고속도로 진입로,11,0,,0,1,0,1
서울,서초구,EXR타워(서쪽 삼거리),8,0,,0,0,0,0
서울,서초구,교대역 지상 사거리,9,0,,2,0,0,0
서울,서초구,총신대입구역사거리(7호선),8,0,,0,0,0,1
서울,서초구,화련회관(남서 사거리),7,0,,0,0,0,0
서울,서초구,서울고교사거리(서울고 앞),6,1,,0,0,0,0
서울,서초구,강남역 부근(11번 출구 북쪽),8,0,,0,0,0,0
서울,서초구,서울중앙지방검찰청 부근(서남),6,1,,0,0,0,0
서울,서초구,신사역 오거리,7,1,,0,0,0,0
서울,서초구,서초2교 사거리,7,0,,0,0,0,0
서울,서초구,교육개발원입구 사거리,7,0,,0,0,0,0
서울,서초구,양재I.C(북동),9,0,,0,0,0,0
서울,서초구,KOTRA빌딩 앞 사거리,4,0,,0,0,0,0
서울,서초구,서울중앙지방검찰청 부근(서남),4,0,,0,0,0,1
서울,서초구,트럭터미널 앞 사거리,4,0,,0,0,0,0
서울,서초구,본포본동주민센터 앞 삼거리,3,0,,0,0,0,0
서울,서초구,강남귀금속타운 앞 사거리,2,0,,1,0,0,0
서울,서초구,신사역 오거리,2,0,,0,0,0,0
서울,성동구,도선사거리(성동구청 부근),14,0,,0,0,0,0
서울,성동구,무학여고 앞 사거리,11,0,,0,0,0,0
서울,성동구,동부간선도로(동아그린아파트 부근),8,1,,0,0,0,0
서울,성동구,서울숲푸르지오 앞(101동),7,1,,0,0,0,0
서울,성동구,왕십리역오거리(성동경찰서),10,0,,0,0,0,0
서울,성동구,정원빌라트 앞 사거리,6,1,,1,0,0,1
서울,성동구,성수1치안센터(서쪽),6,0,,1,0,0,0
서울,성동구,성동교 남단 교차로,8,0,,1,0,0,0
서울,성동구,논골사거리(행당대림 107동),5,0,,0,0,0,0
서울,성동구,응봉현대아파트 앞(107동),6,0,,0,0,0,1
서울,성동구,고산자교 남단 사거리,8,1,,0,0,0,0
서울,성동구,서울숲지구대 사거리(동쪽),6,1,,1,0,0,0
서울,성동구,바람의언덕 출입구 앞(서울숲),7,0,,0,0,0,0
서울,성동구,마장역 1번출구 앞 삼거리,8,0,,0,0,0,1
서울,성동구,청계9가교차로(청계벽산아파트),6,0,,1,0,0,0
서울,성동구,바람의언덕 출입구 앞(서울숲),6,0,,1,0,0,0
서울,성동구,마장현대아파트 부근(서북),6,0,,0,0,0,0
서울,성동구,비우당교 남단 사거리,5,0,,0,1,0,0
서울,성동구,양지사거리(왕십리우체국 부근),5,0,,0,0,0,0
서울,성동구,성동교 남단 교차로,5,0,,1,0,0,0
서울,성동구,하왕십리치안센터 앞 사거리,6,0,,0,0,0,0
서울,성동구,뚝섬역 사거리(서쪽),6,0,,0,0,0,0
서울,성동구,왕십리 도선동주민센터 앞 삼거리,5,0,,1,0,0,0
서울,성동구,왕십리역오거리(성동경찰서),3,0,,0,0,0,0
서울,성동구,송정119안전센터 앞 삼거리,5,0,,0,0,0,2
서울,성동구,하왕십리치안센터 앞 사거리,7,0,,0,0,0,0
서울,성동구,금호교차로(금호역),5,0,,0,1,0,0
서울,성동구,대림강변타운 앞(101동),6,0,,0,0,0,0
서울,성동구,성동구청 앞 삼거리,6,0,,0,0,0,1
서울,성동구,왕십리역오거리(성동경찰서),3,0,,0,0,0,0
서울,성북구,서울종암경찰서 앞 사거리,19,0,,0,0,0,0
서울,성북구,돈암1동주민센터 앞,19,0,,0,0,0,0
서울,성북구,장위사거리(석관동주민센터),13,1,,0,0,0,0
서울,성북구,돈암1동주민센터 부근(서쪽),16,1,,0,0,0,1
서울,성북구,성북구청입구(성북경찰서),13,0,,0,0,0,1
서울,성북구,길음교교차로(길음시장),8,0,,0,0,0,0
서울,성북구,월곡역(3번출구),10,0,,1,0,0,0
서울,성북구,돈암동우체국 부근(동쪽),9,1,,0,0,0,0
서울,성북구,한성대입구역 사거리,9,0,,2,0,0,0
서울,성북구,삼부아파트 앞(103동),12,0,,0,0,0,0
서울,성북구,성북구 보건소 부근(서쪽),12,1,,1,0,0,0
서울,성북구,종암사거리(성북소방서),11,0,,0,0,0,0
서울,성북구,장위초 부근(북쪽),10,0,,0,0,0,0
서울,성북구,정릉4동주민센터(남쪽),10,0,,0,0,0,0
서울,성북구,종암동주민센터 부근(북서),13,0,,0,0,0,0
서울,성북구,성신여대입구역 사거리,10,0,,1,0,0,0
서울,성북구,성가복지병원 부근(남쪽),10,0,,1,0,0,1
서울,성북구,성북중아병원 삼거리(남서),5,2,,0,0,0,0
서울,성북구,종암사거리(성북소방서),9,1,,0,0,0,0
서울,성북구,월곡2치안센터 부근(북쪽),10,0,,0,0,0,0
서울,성북구,석관동 124-2번지,8,0,,0,0,0,0
서울,성북구,정릉동 303-13번지,8,0,,1,0,0,0
서울,성북구,정릉입구(정릉2동주민센터),7,0,,0,0,0,0
서울,성북구,성북우체국 부근(서쪽),8,0,,0,0,0,0
서울,성북구,정릉시장 부근(동쪽),7,1,,0,1,0,0
서울,성북구,돌곶이역(3번출구),11,0,,0,0,0,0
서울,성북구,보문역 사거리,8,0,,0,1,0,1
서울,성북구,고명중학교 부근 사거리(북동),9,0,,0,0,0,0
서울,성북구,길음교교차로(길음시장),3,1,,0,0,0,0
서울,성북구,성신여대입구역 부근(남쪽),3,0,,0,0,0,0
서울,송파구,송파1동우체국(서쪽),11,2,,0,0,0,0
서울,송파구,송파구청사거리(구청 앞),15,1,,0,1,0,1
서울,송파구,석촌호수 사거리(북쪽),13,0,,0,0,0,0
서울,송파구,송파세무서 앞 오거리,14,0,,0,0,0,0
서울,송파구,문정역 2번출구 삼거리,10,0,,0,0,0,0
서울,송파구,가락시장앞사거리(가락시장역),14,0,,0,0,0,2
서울,송파구,종합운동장사거리(아시아공원),15,0,,0,0,0,0
서울,송파구,잠실역 사거리(2호선),13,0,,0,0,0,0
서울,송파구,평화의문삼거리(몽촌토성역),12,0,,0,0,0,0
서울,송파구,종합운동장역 앞 삼거리(3번출구),12,0,,0,0,0,0
서울,송파구,가락시장역3호선 앞(8번출구),9,0,,0,0,0,2
서울,송파구,신천역 앞 사거리(2번출구),10,0,,0,0,0,1
서울,송파구,가락119안전센터 앞 사거리,8,1,,0,0,0,2
서울,송파구,서울지방경찰청 제3기동단(서남),10,0,,0,0,0,1
서울,송파구,롯데월드 사거리(북서),14,0,,0,0,0,1
서울,송파구,송파사거리(잠실여고 서쪽),11,0,,0,0,0,0
서울,송파구,거여역 7번출구 사거리,12,0,,1,1,0,1
서울,송파구,방이사거리(아크로빌 부근),11,0,,0,0,0,3
서울,송파구,복정역 사거리,10,0,,0,0,0,0
서울,송파구,잠실역 사거리(2호선),7,0,,0,0,0,1
서울,송파구,올림픽훼미리타운(110동 동쪽),9,0,,1,1,0,2
서울,송파구,KB국민은행 삼전남지점(동쪽),10,0,,0,1,0,1
서울,송파구,오륜삼거리,10,0,,0,0,0,0
서울,송파구,장지교교차로(송파IC),8,0,,0,0,0,0
서울,송파구,가락시장역 8번출구 사거리,8,0,,0,0,0,0
서울,송파구,송파세무서 앞 오거리,7,0,,0,0,0,0
서울,송파구,삼성교사거리(삼성교 동단),4,0,,0,0,0,0
서울,송파구,잠실역 사거리(2호선),3,0,,0,0,0,0
서울,송파구,가락119안전센터 앞 사거리,4,0,,0,0,0,0
서울,송파구,송파세무서 앞 오거리,3,0,,0,0,0,0
서울,양천구,신월사거리(신월3치안센터),19,0,,0,0,0,0
서울,양천구,목동역 오거리,16,0,,1,0,0,0
서울,양천구,서울시청 삼거리(북서),11,0,,0,0,0,1
서울,양천구,홍익병원 앞 사거리,8,0,,0,0,0,1
서울,양천구,신정네거리역 사거리,10,0,,0,0,0,1
서울,양천구,오목교 사거리(3번출구),8,0,,0,0,0,1
서울,양천구,청소년수련관 사거리(남서),12,0,,0,0,0,0
서울,양천구,서서울호수공원 앞,11,0,,0,0,0,0
서울,양천구,화곡4동우체국 사거리(동쪽),11,0,,0,0,0,0
서울,양천구,오솔길실버공원 북쪽 삼거리,7,1,,1,0,0,2
서울,양천구,신트리공원 앞 사거리,5,0,,0,0,0,1
서울,양천구,화곡로입구(광명여고 부근),7,0,,0,0,0,0
서울,양천구,삼익4차플라주 부근(남쪽),6,0,,0,0,0,0
서울,양천구,중앙유리산업,7,0,,0,0,0,1
서울,양천구,월정초 앞(화곡7치안센터),10,0,,0,0,0,0
서울,양천구,목동9단지(양천구의회),8,0,,0,1,0,0
서울,양천구,양천우체국 부근(남동),8,0,,0,0,0,1
서울,양천구,양강중 앞 사거리,5,1,,0,0,0,0
서울,양천구,목동성당 앞 오거리,6,0,,0,0,0,0
서울,양천구,서부트럭터미날(신정현대6차 앞),7,0,,0,0,0,0
서울,양천구,목동문화회관 부근 삼거리(남동),7,0,,0,0,0,0
서울,양천구,과학수사연구소입구(오솔길공원),7,0,,0,0,0,0
서울,양천구,오목교 사거리(3번출구),4,0,,0,0,0,1
서울,양천구,청소년수련관 사거리(남서),4,0,,0,0,0,0
서울,양천구,신정네거리역 사거리,3,0,,0,0,0,0
서울,양천구,신월동우체국 사거리(북동),3,0,,0,0,0,0
서울,양천구,신월사거리(신월3치안센터),2,0,,0,0,0,0
서울,양천구,신월119안전센터 앞 사거리(북쪽),3,0,,0,0,0,0
서울,양천구,목동역 오거리,2,0,,0,0,0,0
서울,양천구,목동청소년수련관 사거리(남동),2,0,,0,0,0,0
서울,영등포구,영등포로타리(영등포2치안센터),26,0,,0,0,0,0
서울,영등포구,삼성화재영등포사옥 앞,22,0,,0,0,0,1
서울,영등포구,청과시장입구(영등포역),10,0,,0,0,0,2
서울,영등포구,여의교교차로(여의도119안전센터),15,0,,0,0,0,0
서울,영등포구,영등포시장사거리(중앙어린이공원 부근),19,0,,0,0,0,1
서울,영등포구,서울교 동단(KT 여의도지사),17,0,,0,1,0,1
서울,영등포구,영등포역 앞 삼거리(우체국),16,0,,0,0,0,0
서울,영등포구,당산역(당산2치안센터),8,0,,0,0,0,0
서울,영등포구,영등포유통상가(진로아파트),13,0,,0,0,0,0
서울,영등포구,영등포시장사거리(중앙어린이공원 부근),14,0,,0,0,0,0
서울,영등포구,문래동사거리(영등포초),12,0,,0,0,0,0
서울,영등포구,대림3동사거리(신영초),12,0,,0,0,0,2
서울,영등포구,신도림고가차도(신길우성1차),9,1,,0,0,0,0
서울,영등포구,거리공원오거리(신동아 2동),11,0,,0,0,0,0
서울,영등포구,영등포전화국(신화병원),8,1,,0,0,0,0
서울,영등포구,한국방송공사앞 교차로,8,0,,0,0,0,0
서울,영등포구,신정교 사거리(동단),9,0,,0,0,0,0
서울,영등포구,구로1교 북단 사거리,11,0,,0,0,0,1
서울,영등포구,중앙지구대 부근 사거리(북쪽),9,1,,0,0,0,0
서울,영등포구,사러가쇼핑센터 앞 사거리,12,0,,1,0,0,1
서울,영등포구,영등포유통상가 사거리(남서),8,0,,0,0,0,1
서울,영등포구,대방역 부근(3번출구 서쪽),11,0,,0,0,0,0
서울,영등포구,신풍역 3번출구(7호선),14,0,,1,1,0,1
서울,영등포구,신길2동우편취급국 부근,8,0,,0,0,0,0
서울,영등포구,서강대교 남단 교차로,8,0,,1,0,0,0
서울,영등포구,신길5동우체국(사거리),6,0,,0,0,0,0
서울,영등포구,영등포로타리(영등포2치안센터),5,0,,0,0,0,0
서울,영등포구,영등포로타리(영등포2치안센터),3,0,,0,0,0,0
서울,영등포구,영등포로타리(영등포2치안센터),4,0,,0,0,0,0
서울,영등포구,영등포유통상가(진로아파트),2,0,,0,0,0,0
서울,용산구,이태원동우체국 부근 교차로,13,0,,0,0,0,0
서울,용산구,이태원119안전센터 앞 사거리,12,0,,0,0,0,0
서울,용산구,순천향대서울병원 부근,15,0,,0,0,0,1
서울,용산구,용산역 앞 사거리(한강초),14,0,,0,0,0,0
서울,용산구,이태원역 삼거리,12,0,,0,0,0,0
서울,용산구,청년창업플러스센터 앞 사거리,8,2,,0,0,0,1
서울,용산구,창파치안센터 앞 사거리,11,0,,0,0,0,0
서울,용산구,현대리버티하우스(서쪽),10,0,,0,0,0,0
서울,용산구,녹사평역(이태원지하차도),8,0,,1,0,0,1
서울,용산구,용문동우체국 부근 사거리,5,0,,0,0,0,0
서울,용산구,한강대교 북단 교차로,10,0,,0,0,0,0
서울,용산구,삼각지역 사거리(3번출구),4,1,,0,0,0,0
서울,용산구,현대안성타워아파트(동쪽),8,0,,0,0,0,0
서울,용산구,청파공원 앞 삼거리,6,0,,0,0,0,0
서울,용산구,남영동우체국 앞 사거리,7,0,,0,1,0,0
서울,용산구,남영삼거리(국민연금공단),9,0,,0,0,0,0
서울,용산구,LS용산타워 앞 삼거리,9,0,,0,0,0,0
서울,용산구,브라운스톤용산아파트 부근(동북),9,0,,0,0,0,0
서울,용산구,한강진역 부근 삼거리(남쪽),6,0,,0,0,0,0
서울,용산구,한강대교 북단 교차로,5,0,,0,0,0,0
서울,용산구,보광동 259-1번지 앞 사거리,8,0,,0,0,0,1
서울,용산구,전쟁기념관 삼거리(남서),7,0,,2,0,0,0
서울,용산구,한강대교(노들카페 부근),3,1,,0,0,0,0
서울,용산구,효창공원앞역 사거리,7,0,,0,0,0,0
서울,용산구,보광동주민센터 사거리(동쪽),7,0,,0,1,0,0
서울,용산구,LS용산타워 앞 삼거리,4,0,,0,0,0,0
서울,용산구,숙대입구역 삼거리(6번출구),4,0,,0,0,0,0
서울,용산구,남영역 사거리(1번출구),3,0,,0,0,0,0
서울,용산구,이태원역 부근 삼거리,4,0,,1,0,0,0
서울,용산구,이태원역 삼거리,3,0,,1,0,0,0
서울,은평구,국립보건원 앞 삼거리,9,0,,0,0,0,0
서울,은평구,불광역 사거리(6번출구),15,0,,0,0,0,0
서울,은평구,메가박스 삼거리(남동),8,0,,0,0,0,0
서울,은평구,연신내역사거리(3번출구),13,0,,0,0,0,0
서울,은평구,신사오거리(응암역),13,1,,0,0,0,1
서울,은평구,질병관리본부 부근 사거리,11,0,,0,0,0,0
서울,은평구,갈현동 439-10번지(사거리),9,0,,0,0,0,0
서울,은평구,서울튼튼병원 앞 삼거리,8,0,,0,0,0,1
서울,은평구,구산역 사거리,14,0,,0,0,0,0
서울,은평구,녹번역 삼거리,9,0,,0,0,0,0
서울,은평구,신사1치안센터 앞 교차로,10,0,,0,0,0,0
서울,은평구,신응교(새절역 4번출구),7,0,,0,1,0,1
서울,은평구,현대2차 사거리(112동 동쪽),8,0,,0,1,0,0
서울,은평구,구산초 부근 삼거리(북쪽),8,0,,0,0,0,0
서울,은평구,구산사거리(길현동우체국),6,1,,1,0,0,0
서울,은평구,와산교 서단 사거리,9,0,,0,0,0,1
서울,은평구,국민연금공단(서쪽),8,0,,0,0,0,1
서울,은평구,역촌역 교차로(4번출구),10,0,,0,0,0,0
서울,은평구,연신내역사거리(3번출구),9,0,,0,0,0,0
서울,은평구,언평구시설관리공단 부근 사거리,8,0,,0,0,0,0
서울,은평구,신진자동차고(북쪽),8,0,,0,1,0,0
서울,은평구,응암오거리(연은초 부근),9,0,,0,0,0,0
서울,은평구,불광시장 부근 교차로,8,0,,1,1,0,1
서울,은평구,응암역 앞 사거리,4,0,,0,0,0,1
서울,은평구,역촌초 사거리(동쪽),9,0,,0,0,0,1
서울,은평구,역촌역 사거리,2,0,,0,0,0,0
서울,은평구,갈현동 439-10번지(사거리),2,0,,0,0,0,0
서울,은평구,질병관리본부 부근 사거리,2,0,,0,0,0,0
서울,은평구,연신내역사거리(3번출구),2,0,,0,0,0,0
서울,은평구,불광역 사거리(6번출구),2,0,,0,0,0,0
서울,종로구,청계5가(종로5가역 부근),16,0,,0,0,0,0
서울,종로구,종로3가역 사거리(13번출구),13,1,,0,0,0,0
서울,종로구,혜화동로터리(가톨릭대),18,0,,0,0,0,3
서울,종로구,동대문역 삼거리(1번출구),15,1,,0,0,0,0
서울,종로구,종로2가(탑골공원 앞),13,0,,1,0,0,0
서울,종로구,청계6가 앞(흥인시장),13,0,,0,0,0,1
서울,종로구,동묘앞역 사거리(9번출구),15,0,,0,0,0,0
서울,종로구,광하문우체국 사거리(북동),11,0,,0,0,0,0
서울,종로구,이화사거리(글로브극장),16,0,,0,0,0,0
서울,종로구,광하문우체국 사거리(북동),10,1,,0,0,0,0
서울,종로구,안국동사거리(풍문여고),11,0,,0,1,0,0
서울,종로구,동대문성곽공원 앞 사거리,15,0,,1,0,0,0
서울,종로구,창신1동주민센터(남쪽),12,0,,0,0,0,0
서울,종로구,서울지방경찰청(북동),10,0,,1,0,0,0
서울,종로구,광화문 앞 삼거리,9,0,,0,0,0,0
서울,종로구,중부교육지원청 부근 사거리,9,1,,0,0,0,0
서울,종로구,"종로1,2,3,4가동주민센터 앞",11,0,,0,0,0,0
서울,종로구,트윈트리타워 앞(경복궁),11,0,,1,0,0,1
서울,종로구,서울전문학교 앞 사거리,11,0,,0,0,0,0
서울,종로구,청계4가교차로,8,0,,1,0,0,0
서울,종로구,동묘공원 앞 삼거리,9,1,,0,0,0,0
서울,종로구,종각역사거리(보신각),8,0,,0,0,0,0
서울,종로구,창덕궁삼거리(원서공원),7,1,,0,0,0,1
서울,종로구,서울대연건캠퍼스 의대 부근,9,0,,0,0,0,0
서울,종로구,동대문역 사거리(3번출구),8,0,,1,0,0,1
서울,종로구,혜화동로터리(가톨릭대),6,0,,0,0,0,0
서울,종로구,서울지방경찰청(북동),4,0,,1,0,0,0
서울,종로구,동묘앞역 사거리(9번출구),5,0,,0,0,0,0
서울,종로구,숭인2동주민센터 앞 삼거리,4,0,,0,0,0,1
서울,종로구,서울전문학교 앞 사거리,2,0,,0,0,0,0
서울,중구,염천교 동단 사거리,24,0,,0,0,0,0
서울,중구,장충체육관 앞 사거리,12,0,,0,0,0,0
서울,중구,신세계백화점 앞 사거리(본점),18,0,,0,0,0,1
서울,중구,서울역 앞 사거리,11,1,,1,0,0,0
서울,중구,서울역 앞 사거리,14,1,,0,0,0,0
서울,중구,청구역 사거리,6,0,,0,0,0,0
서울,중구,을지로5가(훈련원공원 앞),11,0,,1,0,0,0
서울,중구,신당역2호선 앞 사거리,10,0,,1,0,0,0
서울,중구,약수역 부근 사거리(서쪽),11,0,,0,0,0,0
서울,중구,CJ제일제당빌딩 앞 사거리,7,0,,1,0,0,1
서울,중구,남대문세무서(북쪽),10,0,,0,0,0,0
서울,중구,한국은행앞사거리(소공별관),13,0,,0,0,0,0
서울,중구,을지로입구역 사거리,8,0,,0,0,0,0
서울,중구,을지로4가역 5호선 부근(북쪽),9,0,,0,0,0,1
서울,중구,명동역 삼거리(6번출구),9,0,,0,0,0,0
서울,중구,동대문패션타운 부근 삼거리(북동),9,0,,1,0,0,0
서울,중구,서울시청 동남 삼거리,9,0,,0,0,0,0
서울,중구,중부소방서 앞 사거리,4,2,,0,0,0,0
서울,중구,서울역광장(남대문경찰서 앞),7,0,,1,0,0,0
서울,중구,대림상가앞(을지로4가역부근),7,0,,0,1,0,0
서울,중구,롯데백화점(애비뉴엘) 앞 오거리,7,0,,0,0,0,0
서울,중구,서소문근린공원 부근,13,0,,0,0,0,0
서울,중구,서울역 앞 사거리,7,0,,0,0,0,0
서울,중구,남산어린이놀이터 앞 삼거리,8,0,,0,0,0,0
서울,중구,성동공업고등학교 부근(서북),8,0,,1,0,0,0
서울,중구,웨스틴 조선호텔 앞 사거리,9,0,,0,0,0,0
서울,중구,명동역 앞 삼거리(8번출구),6,0,,0,0,0,0
서울,중구,서울역 앞 사거리,5,0,,0,0,0,1
서울,중구,신세계백화점 앞 사거리(본점),4,0,,0,0,0,0
서울,중구,서울역 앞 사거리,2,0,,0,0,0,0
서울,중랑구,신내지하차도(하이마트상봉점),27,1,,0,0,0,0
서울,중랑구,상봉지하차도 교차로(상봉역),13,0,,0,0,0,1
서울,중랑구,상봉역 삼거리(6번출구),11,1,,0,0,0,2
서울,중랑구,망우본동 주민센터 부근,9,0,,0,0,0,0
서울,중랑구,장안중 부근(북쪽),15,0,,0,0,0,0
서울,중랑구,중화동우체국 부근(남쪽),11,0,,1,0,0,0
서울,중랑구,동1로지하차도(한샘교회),14,0,,0,1,0,2
서울,중랑구,상봉시장 앞(면목초 부근),9,0,,0,0,0,0
서울,중랑구,면목2동사거리(삼성교회),11,0,,0,1,0,0
서울,중랑구,장안교사거리(용마지구대),12,0,,0,0,0,0
서울,중랑구,동부시장 사거리(북동),11,0,,0,0,0,0
서울,중랑구,유수지주차장(홈플러스면목점),10,0,,0,0,0,0
서울,중랑구,사가정역(2번출구),11,0,,1,0,0,0
서울,중랑구,까치공원 부근(북동),8,0,,0,1,0,0
서울,중랑구,메가박스 상봉점 앞,7,0,,1,0,0,0
서울,중랑구,중화중 삼거리(북쪽),8,0,,0,0,0,1
서울,중랑구,동광오뜨빌아파트 앞 사거리,12,0,,0,0,0,1
서울,중랑구,서울의료원 부근(북동),9,0,,0,0,0,1
서울,중랑구,동성아파트앞교차로,8,0,,0,0,0,0
서울,중랑구,상봉2동주민센터 부근(서쪽),9,0,,0,0,0,0
서울,중랑구,망우119 앞 사거리,7,0,,0,0,0,0
서울,중랑구,면목2동사거리(삼성교회),7,0,,0,0,0,0
서울,중랑구,혜원사거리(상봉터미널),8,0,,0,0,0,0
서울,중랑구,중화역 부근(남서),7,0,,0,0,0,0
서울,중랑구,망우사거리(망우본동우체국),7,0,,2,0,0,0
서울,중랑구,우림시장 오거리(남동),9,0,,0,0,0,0
서울,중랑구,망우본동우체국 부근,5,0,,0,0,0,0
서울,중랑구,신내지하차도(하이마트상봉점),3,0,,0,0,0,0
서울,중랑구,사가정역(4번출구),5,0,,0,0,0,0
서울,중랑구,면목2동사거리(삼성교회),2,0,,0,0,0,0
,,합계,"6,480",111,,0,0,0,0
,,,,,,,,,
